document_id,title,domain,source_name,source_url,collection_date
doc_windows_client_slow_laptop_windbg_001,Windows Laptop Slow Performance & WinDbg Memory Dump Diagnostics,windows_client,Microsoft Learn,https://learn.microsoft.com/en-us/troubleshoot/windows-client/,2026-09-06
doc_windows_client_windows_update_dism_002,Windows Update Servicing Failure 0x80070002 & DISM Component Repair,windows_client,Microsoft Learn,https://learn.microsoft.com/en-us/troubleshoot/windows-client/,2026-09-06
doc_windows_client_wifi_adapter_winsock_003,Windows Wi-Fi Adapter WLAN Report & TCP/IP Winsock Reset Protocol,windows_client,Microsoft Learn,https://learn.microsoft.com/en-us/troubleshoot/windows-client/,2026-09-06
doc_windows_client_bluetooth_code43_reset_004,Windows Bluetooth Peripheral Driver Code 43 & Radio Reset,windows_client,Microsoft Learn,https://learn.microsoft.com/en-us/troubleshoot/windows-client/,2026-09-06
doc_windows_client_keyboard_mouse_hid_power_005,Windows Keyboard/Mouse HID Filter Keys & Power Selective Suspend,windows_client,Microsoft Learn,https://learn.microsoft.com/en-us/troubleshoot/windows-client/,2026-09-06
doc_windows_client_multimonitor_gpu_crash_006,Windows Multi-Monitor Dock DisplayPort Alt-Mode GPU Driver Crash,windows_client,Microsoft Learn,https://learn.microsoft.com/en-us/troubleshoot/windows-client/,2026-09-06
doc_windows_client_storage_disk_cleanup_007,Windows Storage Volume Disk Space Cleanup & TreeSize Analysis,windows_client,Microsoft Learn,https://learn.microsoft.com/en-us/troubleshoot/windows-client/,2026-09-06
doc_windows_client_bitlocker_tpm_recovery_008,Windows BitLocker TPM 2.0 Provisioning & Recovery Key Escrow,windows_client,Microsoft Learn,https://learn.microsoft.com/en-us/troubleshoot/windows-client/,2026-09-06
doc_windows_client_wsl2_kernel_vhdx_009,Windows Subsystem for Linux (WSL2) Kernel Update & VHDX Shrink,windows_client,Microsoft Learn,https://learn.microsoft.com/en-us/troubleshoot/windows-client/,2026-09-06
doc_windows_client_user_profile_registry_fix_010,Windows User Profile Service Logon Failure & Registry Hive Fix,windows_client,Microsoft Learn,https://learn.microsoft.com/en-us/troubleshoot/windows-client/,2026-09-06
doc_windows_server_ad_sysvol_dfsr_failure_011,Active Directory Domain Controller SYSVOL Replication Failure (DFSR),windows_server,Microsoft Learn,https://learn.microsoft.com/en-us/windows-server/troubleshoot/,2026-09-06
doc_windows_server_kerberos_spn_failure_012,Kerberos Authentication Ticket Expiration & SPN Registration Failure,windows_server,Microsoft Learn,https://learn.microsoft.com/en-us/windows-server/troubleshoot/,2026-09-06
doc_windows_server_gpo_processing_gpresult_013,Group Policy Object (GPO) Processing Failure & gpresult Analysis,windows_server,Microsoft Learn,https://learn.microsoft.com/en-us/windows-server/troubleshoot/,2026-09-06
doc_windows_server_dns_zone_scavenging_014,DNS Server Zone Transfer Failure & Scavenging Resolution,windows_server,Microsoft Learn,https://learn.microsoft.com/en-us/windows-server/troubleshoot/,2026-09-06
doc_windows_server_dhcp_relay_exhaustion_015,DHCP Relay Agent Subnet Exhaustion & Scope Exclusion,windows_server,Microsoft Learn,https://learn.microsoft.com/en-us/windows-server/troubleshoot/,2026-09-06
doc_windows_server_ad_fsmo_seizure_cleanup_016,Active Directory FSMO Role Seizure & Metadata Cleanup Protocol,windows_server,Microsoft Learn,https://learn.microsoft.com/en-us/windows-server/troubleshoot/,2026-09-06
doc_windows_server_wsfc_quorum_witness_017,Windows Server Failover Clustering (WSFC) Quorum Witness Failure,windows_server,Microsoft Learn,https://learn.microsoft.com/en-us/windows-server/troubleshoot/,2026-09-06
doc_windows_server_hyperv_live_migration_018,Hyper-V Virtual Machine Live Migration & Network Switch Failure,windows_server,Microsoft Learn,https://learn.microsoft.com/en-us/windows-server/troubleshoot/,2026-09-06
doc_windows_server_s2d_disk_pool_repair_019,Storage Spaces Direct (S2D) Disk Pool Degradation & Retirement,windows_server,Microsoft Learn,https://learn.microsoft.com/en-us/windows-server/troubleshoot/,2026-09-06
doc_windows_server_nps_radius_cert_trust_020,Windows Server NPS / RADIUS 802.1X Certificate Trust Verification,windows_server,Microsoft Learn,https://learn.microsoft.com/en-us/windows-server/troubleshoot/,2026-09-06
doc_microsoft_365_exchange_mailflow_dmarc_021,Exchange Online Mail Flow Transport Rules & DMARC/SPF Diagnostic,microsoft_365,Microsoft Learn,https://learn.microsoft.com/en-us/microsoft-365/troubleshoot/,2026-09-06
doc_microsoft_365_outlook_ost_autodiscover_022,Outlook OST Data File Corruption & Exchange AutoDiscover Failure,microsoft_365,Microsoft Learn,https://learn.microsoft.com/en-us/microsoft-365/troubleshoot/,2026-09-06
doc_microsoft_365_teams_sip_audio_drop_023,Microsoft Teams Direct Routing SIP Trunk Audio Quality Drop,microsoft_365,Microsoft Learn,https://learn.microsoft.com/en-us/microsoft-365/troubleshoot/,2026-09-06
doc_microsoft_365_defender_m365_air_triage_024,Microsoft Defender for M365 Automated Investigation & Response,microsoft_365,Microsoft Learn,https://learn.microsoft.com/en-us/microsoft-365/troubleshoot/,2026-09-06
doc_microsoft_365_intune_autopilot_oobe_025,Microsoft Intune Autopilot OOBE Device Enrollment Failure,microsoft_365,Microsoft Learn,https://learn.microsoft.com/en-us/microsoft-365/troubleshoot/,2026-09-06
doc_microsoft_365_entra_conditional_access_block_026,Entra ID Conditional Access Device Compliance Block (AADSTS53000),microsoft_365,Microsoft Learn,https://learn.microsoft.com/en-us/microsoft-365/troubleshoot/,2026-09-06
doc_microsoft_365_m365_sspr_writeback_fix_027,Microsoft 365 Self-Service Password Reset (SSPR) Writeback Fix,microsoft_365,Microsoft Learn,https://learn.microsoft.com/en-us/microsoft-365/troubleshoot/,2026-09-06
doc_microsoft_365_onedrive_sync_engine_reset_028,SharePoint / OneDrive Client Sync Engine Lock & Cache Reset,microsoft_365,Microsoft Learn,https://learn.microsoft.com/en-us/microsoft-365/troubleshoot/,2026-09-06
doc_microsoft_365_entra_connect_phs_sync_029,Entra Connect Password Hash Sync (PHS) Resynchronization Protocol,microsoft_365,Microsoft Learn,https://learn.microsoft.com/en-us/microsoft-365/troubleshoot/,2026-09-06
doc_microsoft_365_fido2_mfa_registration_030,FIDO2 WebAuthn Security Key Registration & MFA Bypass Prevention,microsoft_365,Microsoft Learn,https://learn.microsoft.com/en-us/microsoft-365/troubleshoot/,2026-09-06
doc_networking_cisco_cisco_vlan_stp_loop_031,Cisco Catalyst 802.1Q Trunking & Spanning Tree (RSTP) Topology Loop,networking_cisco,Cisco Documentation,https://www.cisco.com/c/en/us/support/docs/,2026-09-06
doc_networking_cisco_ospf_neighbor_mtu_mismatch_032,OSPFv2 Neighbor Adjacency Stuck in INIT/2WAY & MTU Mismatch,networking_cisco,Cisco Documentation,https://www.cisco.com/c/en/us/support/docs/,2026-09-06
doc_networking_cisco_bgp_as_route_flapping_033,BGP Autonomous System Peering Drop & Route Flapping Triage,networking_cisco,Cisco Documentation,https://www.cisco.com/c/en/us/support/docs/,2026-09-06
doc_networking_cisco_cisco_wlan_eaptls_drop_034,Cisco 802.1X Wireless EAP-TLS RADIUS Authentication Drop,networking_cisco,Cisco Documentation,https://www.cisco.com/c/en/us/support/docs/,2026-09-06
doc_networking_cisco_anyconnect_dtls_tunnel_drop_035,Cisco AnyConnect VPN DTLS Port 443 Tunnel Disconnection,networking_cisco,Cisco Documentation,https://www.cisco.com/c/en/us/support/docs/,2026-09-06
doc_networking_cisco_firewall_nat_policy_drop_036,Palo Alto / Fortinet Firewall NAT Rule & Security Policy Drop,networking_cisco,Cisco Documentation,https://www.cisco.com/c/en/us/support/docs/,2026-09-06
doc_networking_cisco_wireshark_tcp_zero_window_037,Wireshark TCP Retransmission & Zero Window Flow Control Analysis,networking_cisco,Cisco Documentation,https://www.cisco.com/c/en/us/support/docs/,2026-09-06
doc_networking_cisco_dns_appliance_cache_block_038,DNS Appliance Cache Poisoning & UDP Port 53 Firewall Block,networking_cisco,Cisco Documentation,https://www.cisco.com/c/en/us/support/docs/,2026-09-06
doc_networking_cisco_dhcp_option43_discovery_039,DHCP Option 43 / Option 60 AP Controller Discovery Failure,networking_cisco,Cisco Documentation,https://www.cisco.com/c/en/us/support/docs/,2026-09-06
doc_networking_cisco_qos_dscp_audio_jitter_040,QoS Differentiated Services (DSCP) Audio Packet Jitter Analysis,networking_cisco,Cisco Documentation,https://www.cisco.com/c/en/us/support/docs/,2026-09-06
doc_cybersecurity_soc_nist_incident_response_lifecycle_041,NIST SP 800-61 Incident Response Preparation & Containment Protocol,cybersecurity_soc,CISA & NIST,https://www.cisa.gov/resources-tools/,2026-09-06
doc_cybersecurity_soc_phishing_header_sandboxing_042,Spear-Phishing Header Parsing & Malicious Link Sandboxing,cybersecurity_soc,CISA & NIST,https://www.cisa.gov/resources-tools/,2026-09-06
doc_cybersecurity_soc_ransomware_containment_protocol_043,Ransomware Mass File Encryption Incident Containment Protocol,cybersecurity_soc,CISA & NIST,https://www.cisa.gov/resources-tools/,2026-09-06
doc_cybersecurity_soc_lsass_dumping_mimikatz_fix_044,LSASS Memory Dumping Triage & Mimikatz Credential Theft Fix,cybersecurity_soc,CISA & NIST,https://www.cisa.gov/resources-tools/,2026-09-06
doc_cybersecurity_soc_sysmon_event_log_analysis_045,"Sysmon Event ID Log Analysis (IDs 1, 3, 7, 10, 11, 13)",cybersecurity_soc,CISA & NIST,https://www.cisa.gov/resources-tools/,2026-09-06
doc_cybersecurity_soc_windows_event_log_audit_046,Windows Security Event Log Brute-Force Audit (Events 4624/4625),cybersecurity_soc,CISA & NIST,https://www.cisa.gov/resources-tools/,2026-09-06
doc_cybersecurity_soc_excel_macro_sandbox_quarantine_047,Malicious Macro Excel File Payload Quarantine & Sandbox Inspection,cybersecurity_soc,CISA & NIST,https://www.cisa.gov/resources-tools/,2026-09-06
doc_cybersecurity_soc_ad_golden_ticket_krbtgt_reset_048,Active Directory Golden Ticket Attack Detection & KRBTGT Reset,cybersecurity_soc,CISA & NIST,https://www.cisa.gov/resources-tools/,2026-09-06
doc_cybersecurity_soc_zero_trust_host_posture_049,Zero Trust Endpoint Host Posture Compliance Assessment,cybersecurity_soc,CISA & NIST,https://www.cisa.gov/resources-tools/,2026-09-06
doc_cybersecurity_soc_csirt_forensic_chain_custody_050,CSIRT Evidence Preservation & Forensic Disk Image Chain of Custody,cybersecurity_soc,CISA & NIST,https://www.cisa.gov/resources-tools/,2026-09-06
doc_linux_admin_systemd_unit_failed_recovery_051,RHEL 9 / Ubuntu 24.04 Systemd Unit Startup & Failed State Recovery,linux_admin,Red Hat & Ubuntu Documentation,https://access.redhat.com/documentation/,2026-09-06
doc_linux_admin_lvm_vg_extend_xfs_grow_052,Linux Logical Volume Manager (LVM) Volume Group Extension & XFS Grow,linux_admin,Red Hat & Ubuntu Documentation,https://access.redhat.com/documentation/,2026-09-06
doc_linux_admin_linux_nmcli_bond_interface_053,Linux NetworkManager nmcli IP Configuration & Bond Interface Fix,linux_admin,Red Hat & Ubuntu Documentation,https://access.redhat.com/documentation/,2026-09-06
doc_linux_admin_linux_firewalld_ufw_rules_054,Linux FirewallD / UFW Rule Management & Port Forwarding Protocol,linux_admin,Red Hat & Ubuntu Documentation,https://access.redhat.com/documentation/,2026-09-06
doc_linux_admin_linux_ssh_hardening_pam_055,"Linux SSH Hardening, RSA/Ed25519 Keys & PAM Module Lockdown",linux_admin,Red Hat & Ubuntu Documentation,https://access.redhat.com/documentation/,2026-09-06
doc_linux_admin_selinux_audit2allow_policy_056,SELinux Enforcing Mode Denial Triage & audit2allow Policy Fix,linux_admin,Red Hat & Ubuntu Documentation,https://access.redhat.com/documentation/,2026-09-06
doc_linux_admin_linux_cups_spooler_repair_057,Linux CUPS Print Queue Spooler Restart & LPD Protocol Repair,linux_admin,Red Hat & Ubuntu Documentation,https://access.redhat.com/documentation/,2026-09-06
doc_linux_admin_linux_kernel_panic_kdump_058,Linux Kernel Panic Diagnostics & Kdump Core Dump Extraction,linux_admin,Red Hat & Ubuntu Documentation,https://access.redhat.com/documentation/,2026-09-06
doc_linux_admin_linux_sssd_ad_integration_059,Linux SSSD Active Directory Integration & Kerberos PAM Auth,linux_admin,Red Hat & Ubuntu Documentation,https://access.redhat.com/documentation/,2026-09-06
doc_linux_admin_linux_oom_killer_swap_tuning_060,Linux Out-Of-Memory (OOM) Killer Diagnostics & Swap Tuning,linux_admin,Red Hat & Ubuntu Documentation,https://access.redhat.com/documentation/,2026-09-06
doc_cloud_devops_aws_ec2_sg_routing_drop_061,AWS EC2 Virtual Machine Security Group & Elastic IP Routing Drop,cloud_devops,AWS & Azure Documentation,https://docs.aws.amazon.com/,2026-09-06
doc_cloud_devops_aws_s3_iam_policy_fix_062,AWS S3 Bucket Policy & IAM Access Denied Diagnostic Protocol,cloud_devops,AWS & Azure Documentation,https://docs.aws.amazon.com/,2026-09-06
doc_cloud_devops_azure_vm_vnet_nsg_drop_063,Azure Virtual Machine VNet Peering & NSG Traffic Drop Protocol,cloud_devops,AWS & Azure Documentation,https://docs.aws.amazon.com/,2026-09-06
doc_cloud_devops_docker_oomkilled_memory_fix_064,Docker Container OOMKilled Error & Resource Memory Limit Fix,cloud_devops,AWS & Azure Documentation,https://docs.aws.amazon.com/,2026-09-06
doc_cloud_devops_k8s_pod_crashloop_triage_065,Kubernetes Pod CrashLoopBackOff & ImagePullBackOff Triage,cloud_devops,AWS & Azure Documentation,https://docs.aws.amazon.com/,2026-09-06
doc_cloud_devops_k8s_ingress_502_debugging_066,Kubernetes Ingress NGINX Controller 502 Bad Gateway Debugging,cloud_devops,AWS & Azure Documentation,https://docs.aws.amazon.com/,2026-09-06
doc_cloud_devops_terraform_state_lock_drift_067,Terraform State File Lock (s3/dynamodb) & Drift Resolution,cloud_devops,AWS & Azure Documentation,https://docs.aws.amazon.com/,2026-09-06
doc_cloud_devops_cicd_build_pipeline_failure_068,GitHub Actions / Azure DevOps CI/CD Build Pipeline Failure Fix,cloud_devops,AWS & Azure Documentation,https://docs.aws.amazon.com/,2026-09-06
doc_cloud_devops_aws_route53_alias_fix_069,AWS Route 53 Hosted Zone DNS Resolution & Alias Record Fix,cloud_devops,AWS & Azure Documentation,https://docs.aws.amazon.com/,2026-09-06
doc_cloud_devops_cloud_cost_asset_sanitization_070,Cloud Infrastructure Cost Optimization & Idle Asset Sanitization,cloud_devops,AWS & Azure Documentation,https://docs.aws.amazon.com/,2026-09-06
doc_virtualization_storage_vmware_esxi_vcenter_disconnect_071,VMware ESXi 8.0 Host Disconnect from vCenter Server Fix,virtualization_storage,VMware Documentation,https://docs.vmware.com/,2026-09-06
doc_virtualization_storage_vmware_vmotion_vmdk_lock_072,VMware Storage vMotion Datastore Lock & Orphaned VMDK Fix,virtualization_storage,VMware Documentation,https://docs.vmware.com/,2026-09-06
doc_virtualization_storage_san_iscsi_mpio_failover_073,SAN iSCSI Multipathing (MPIO) Path Failover & NIC Teaming Fix,virtualization_storage,VMware Documentation,https://docs.vmware.com/,2026-09-06
doc_virtualization_storage_veeam_immutable_backup_fix_074,Veeam Backup & Replication Immutable Repository Corrupted Job Fix,virtualization_storage,VMware Documentation,https://docs.vmware.com/,2026-09-06
doc_virtualization_storage_vmware_snapshot_consolidation_075,VMware Virtual Machine Snapshot Consolidation Needed Error,virtualization_storage,VMware Documentation,https://docs.vmware.com/,2026-09-06
doc_virtualization_storage_fc_storage_wwn_zoning_076,Fiber Channel Storage Switch Zoning & WWN Masking Diagnostic,virtualization_storage,VMware Documentation,https://docs.vmware.com/,2026-09-06
doc_virtualization_storage_nfs_datastore_latency_mount_077,NFS Storage Datastore Latency Spikes & Mount Timeout Protocol,virtualization_storage,VMware Documentation,https://docs.vmware.com/,2026-09-06
doc_virtualization_storage_veeam_instant_vm_recovery_078,Veeam Instant VM Recovery Host Datastore Mount Protocol,virtualization_storage,VMware Documentation,https://docs.vmware.com/,2026-09-06
doc_virtualization_storage_hyperv_vhdx_compact_repair_079,Hyper-V VHDX Dynamic Expansion Failure & Compact Protocol,virtualization_storage,VMware Documentation,https://docs.vmware.com/,2026-09-06
doc_virtualization_storage_dr_site_failover_rto_rpo_080,Disaster Recovery Site Failover & RTO/RPO Orchestration Audit,virtualization_storage,VMware Documentation,https://docs.vmware.com/,2026-09-06
doc_hardware_mobility_thunderbolt_dock_display_fix_081,Thunderbolt 4 / USB-C Docking Station Multi-Display Black Screen,hardware_mobility,HP & Vendor Technical Docs,https://support.hp.com/,2026-09-06
doc_hardware_mobility_mfp_printer_pcl6_crash_082,Enterprise Multi-Function Printer (MFP) PCL6 Driver Crash,hardware_mobility,HP & Vendor Technical Docs,https://support.hp.com/,2026-09-06
doc_hardware_mobility_ios_abm_intune_enrollment_083,iOS Apple Business Manager (ABM) Intune MDM Enrollment Failure,hardware_mobility,HP & Vendor Technical Docs,https://support.hp.com/,2026-09-06
doc_hardware_mobility_android_enterprise_mdm_sync_084,Android Enterprise MDM Work Profile Sync & Passcode Lock,hardware_mobility,HP & Vendor Technical Docs,https://support.hp.com/,2026-09-06
doc_hardware_mobility_voip_sip_403_registration_085,Enterprise VoIP SIP Phone 403 Forbidden Registration Failure,hardware_mobility,HP & Vendor Technical Docs,https://support.hp.com/,2026-09-06
doc_hardware_mobility_voip_rtp_oneway_audio_086,VoIP Real-Time Transport Protocol (RTP) One-Way Audio Triage,hardware_mobility,HP & Vendor Technical Docs,https://support.hp.com/,2026-09-06
doc_hardware_mobility_laptop_battery_thermal_calibration_087,Enterprise Laptop Battery Thermal Throttling & Calibration,hardware_mobility,HP & Vendor Technical Docs,https://support.hp.com/,2026-09-06
doc_hardware_mobility_usb_superspeed_bus_reset_088,USB 3.2 Gen 2 SuperSpeed Peripheral Bus Reset Protocol,hardware_mobility,HP & Vendor Technical Docs,https://support.hp.com/,2026-09-06
doc_hardware_mobility_displayport_hdcp_negotiation_089,DisplayPort 1.4 HDCP Copy Protection Negotiation Drop,hardware_mobility,HP & Vendor Technical Docs,https://support.hp.com/,2026-09-06
doc_hardware_mobility_biometric_windows_hello_fix_090,Enterprise Biometric Fingerprint Reader Windows Hello Driver Fix,hardware_mobility,HP & Vendor Technical Docs,https://support.hp.com/,2026-09-06
doc_itil_servicedesk_itil_mim_warroom_orchestration_091,ITIL v4 Major Incident Management (MIM) War Room Orchestration,itil_servicedesk,ITIL & Enterprise Service Management,https://access.redhat.com/,2026-09-06
doc_itil_servicedesk_itil_sla_p1_incident_escalation_092,Service Level Agreement (SLA) P1 Critical Incident Escalation,itil_servicedesk,ITIL & Enterprise Service Management,https://access.redhat.com/,2026-09-06
doc_itil_servicedesk_itil_asset_sanitization_nist80088_093,IT Asset Lifecycle Procurement & NIST SP 800-88 Disk Sanitization,itil_servicedesk,ITIL & Enterprise Service Management,https://access.redhat.com/,2026-09-06
doc_itil_servicedesk_itil_emergency_cab_approval_094,IT Change Management Emergency Advisory Board (CAB) Approval,itil_servicedesk,ITIL & Enterprise Service Management,https://access.redhat.com/,2026-09-06
doc_itil_servicedesk_itil_kb_article_maintenance_095,IT Service Desk Knowledge Base Article Maintenance Protocol,itil_servicedesk,ITIL & Enterprise Service Management,https://access.redhat.com/,2026-09-06
doc_itil_servicedesk_vendor_sla_support_escalation_096,Vendor SLA Support Escalation & Executive Support Bridge,itil_servicedesk,ITIL & Enterprise Service Management,https://access.redhat.com/,2026-09-06
doc_itil_servicedesk_it_onboarding_rbac_provisioning_097,IT Onboarding Hardware & RBAC Identity Provisioning Protocol,itil_servicedesk,ITIL & Enterprise Service Management,https://access.redhat.com/,2026-09-06
doc_itil_servicedesk_it_offboarding_credential_revocation_098,IT Offboarding Immediate Credential Revocation & Asset Recovery,itil_servicedesk,ITIL & Enterprise Service Management,https://access.redhat.com/,2026-09-06
doc_itil_servicedesk_software_license_compliance_audit_099,Enterprise Software License Audit Compliance & Usage Reclamation,itil_servicedesk,ITIL & Enterprise Service Management,https://access.redhat.com/,2026-09-06
doc_itil_servicedesk_it_dr_pir_communication_plan_100,IT Disaster Recovery Communication Plan & Post-Incident Review,itil_servicedesk,ITIL & Enterprise Service Management,https://access.redhat.com/,2026-09-06
